kind,promo_name,start_date,end_date,package_name,price,normal_price,sessions,validity,notes
normal,,,,HIFU Face Lift · 10 sessions,9800,,10,,
normal,,,,Glow Signature · 12 sessions,3600,,12,,
normal,,,,AI Body Master · 4 sessions,880,,4,,
normal,,,,Black Pearl Laser · 6 sessions,1980,,6,,
promo,Relief Challenge,2026-10-01,2026-10-31,Needle-free AI Acupuncture 20 min (1 part) · 5 hrs + 1 hr FREE,502,1505,18,Complete within 1 month,Extra bonus 2 x 20 min
promo,Relief Challenge,2026-10-01,2026-10-31,Needle-free AI Acupuncture 60 min · 5 hrs + 1 hr FREE,896,2688,6,Complete within 1 month,Extra bonus 1 hour
promo,Relief Challenge,2026-10-01,2026-10-31,Needle-free AI Acupuncture 60 min · 10 hrs + 3 hrs FREE,1672,5434,13,Complete within 1 month,Extra bonus 2 hours
promo,Relief Challenge,2026-10-01,2026-10-31,Needle-free AI Acupuncture 60 min · 15 hrs + 6 hrs FREE,2508,8778,21,Complete within 1 month,Extra bonus 6 hours + 4 hours
promo,Liver Boosters,2026-10-01,2026-12-31,Liver Boosters Silver · 6x Entry / 5x Core / 4x Intensive,2987,4872,6,,
promo,Liver Boosters,2026-10-01,2026-12-31,Liver Boosters Gold · 14x Entry / 12x Core / 10x Intensive,5987,11136,14,,
promo,Liver Boosters,2026-10-01,2026-12-31,Liver Boosters Ruby · 26x Entry / 23x Core / 20x Intensive,9987,24064,26,,
